"n_participant","n_items","prevalence_type","seed","total_runtime","no_of_cores","name"
150,60,"equal",1234,1092.75587749481,16,"AMD EPYC 9B45"
150,60,"equal",1235,1072.05562257767,16,"AMD EPYC 9B45"
150,60,"equal",1236,1064.4875535965,16,"AMD EPYC 9B45"
150,60,"equal",1237,1074.82464003563,16,"AMD EPYC 9B45"
150,60,"equal",1238,1084.12022066116,16,"AMD EPYC 9B45"
150,60,"equal",1239,1075.95780038834,16,"AMD EPYC 9B45"
150,60,"equal",1240,1107.10546755791,16,"AMD EPYC 9B45"
150,60,"equal",1241,1134.63031578064,16,"AMD EPYC 9B45"
150,60,"equal",1242,1095.07473564148,16,"AMD EPYC 9B45"
150,60,"equal",1243,1137.43062496185,16,"AMD EPYC 9B45"
150,60,"equal",1244,1116.33589196205,16,"AMD EPYC 9B45"
150,60,"equal",1245,1117.4106156826,16,"AMD EPYC 9B45"
150,60,"equal",1246,1109.05642271042,16,"AMD EPYC 9B45"
150,60,"equal",1247,1098.7842092514,16,"AMD EPYC 9B45"
150,60,"equal",1248,1093.78416061401,16,"AMD EPYC 9B45"
150,60,"equal",1249,1095.58437252045,16,"AMD EPYC 9B45"
150,60,"equal",1250,1089.74217629433,16,"AMD EPYC 9B45"
150,60,"equal",1251,1130.50454044342,16,"AMD EPYC 9B45"
150,60,"equal",1252,1118.05571007729,16,"AMD EPYC 9B45"
150,60,"equal",1253,1136.7125415802,16,"AMD EPYC 9B45"
150,60,"equal",1254,1128.28838038445,16,"AMD EPYC 9B45"
150,60,"equal",1255,1130.12602043152,16,"AMD EPYC 9B45"
150,60,"equal",1256,1167.17930817604,16,"AMD EPYC 9B45"
150,60,"equal",1257,1126.25928735733,16,"AMD EPYC 9B45"
150,60,"equal",1258,1127.78293681145,16,"AMD EPYC 9B45"
150,60,"equal",1259,1132.54384374619,16,"AMD EPYC 9B45"
150,60,"equal",1260,1129.44380354881,16,"AMD EPYC 9B45"
150,60,"equal",1261,1146.13903284073,16,"AMD EPYC 9B45"
150,60,"equal",1262,1115.80720043182,16,"AMD EPYC 9B45"
150,60,"equal",1263,1120.45801472664,16,"AMD EPYC 9B45"
150,60,"equal",1264,1125.20727682114,16,"AMD EPYC 9B45"
150,60,"equal",1265,1127.60747361183,16,"AMD EPYC 9B45"
150,60,"equal",1266,1122.556183815,16,"AMD EPYC 9B45"
150,60,"equal",1267,1269.79706192017,16,"AMD EPYC 9B45"
150,60,"equal",1268,1275.57466578484,16,"AMD EPYC 9B45"
150,60,"equal",1269,1138.88737344742,16,"AMD EPYC 9B45"
150,60,"equal",1270,1174.30717039108,16,"AMD EPYC 9B45"
150,60,"equal",1271,1116.6111471653,16,"AMD EPYC 9B45"
150,60,"equal",1272,1084.66324710846,16,"AMD EPYC 9B45"
150,60,"equal",1273,1085.42945981026,16,"AMD EPYC 9B45"
150,60,"equal",1274,1098.01752257347,16,"AMD EPYC 9B45"
150,60,"equal",1275,1096.24203586578,16,"AMD EPYC 9B45"
150,60,"equal",1276,1102.2276134491,16,"AMD EPYC 9B45"
150,60,"equal",1277,1093.80121636391,16,"AMD EPYC 9B45"
150,60,"equal",1278,1099.10048294067,16,"AMD EPYC 9B45"
150,60,"equal",1279,1107.09679889679,16,"AMD EPYC 9B45"
150,60,"equal",1280,1085.77717542648,16,"AMD EPYC 9B45"
150,60,"equal",1281,1091.35023570061,16,"AMD EPYC 9B45"
150,60,"equal",1282,1084.02318811417,16,"AMD EPYC 9B45"
150,60,"equal",1283,1056.85232138634,16,"AMD EPYC 9B45"
300,60,"equal",1234,2198.32826280594,16,"AMD EPYC 9B45"
300,60,"equal",1235,2225.80080223083,16,"AMD EPYC 9B45"
300,60,"equal",1236,2225.74754190445,16,"AMD EPYC 9B45"
300,60,"equal",1237,2257.7182469368,16,"AMD EPYC 9B45"
300,60,"equal",1238,2208.49639940262,16,"AMD EPYC 9B45"
300,60,"equal",1239,2218.17239880562,16,"AMD EPYC 9B45"
300,60,"equal",1240,2292.42867040634,16,"AMD EPYC 9B45"
300,60,"equal",1241,2309.09372782707,16,"AMD EPYC 9B45"
300,60,"equal",1242,2376.08905172348,16,"AMD EPYC 9B45"
300,60,"equal",1243,2348.34253072739,16,"AMD EPYC 9B45"
300,60,"equal",1244,2341.17046976089,16,"AMD EPYC 9B45"
300,60,"equal",1245,2279.69012856483,16,"AMD EPYC 9B45"
300,60,"equal",1246,2266.95295095444,16,"AMD EPYC 9B45"
300,60,"equal",1247,2305.90424323082,16,"AMD EPYC 9B45"
300,60,"equal",1248,2282.94596195221,16,"AMD EPYC 9B45"
300,60,"equal",1249,2278.09920358658,16,"AMD EPYC 9B45"
300,60,"equal",1250,2346.85249590874,16,"AMD EPYC 9B45"
300,60,"equal",1251,2369.29943704605,16,"AMD EPYC 9B45"
300,60,"equal",1252,2423.91337251663,16,"AMD EPYC 9B45"
300,60,"equal",1253,2374.34896492958,16,"AMD EPYC 9B45"
300,60,"equal",1254,2310.83437776566,16,"AMD EPYC 9B45"
300,60,"equal",1255,2350.42617988586,16,"AMD EPYC 9B45"
300,60,"equal",1256,2485.29250359535,16,"AMD EPYC 9B45"
300,60,"equal",1257,2325.0329182148,16,"AMD EPYC 9B45"
300,60,"equal",1258,2355.0962369442,16,"AMD EPYC 9B45"
300,60,"equal",1259,2363.39139723778,16,"AMD EPYC 9B45"
300,60,"equal",1260,2329.01816773415,16,"AMD EPYC 9B45"
300,60,"equal",1261,2332.98958277702,16,"AMD EPYC 9B45"
300,60,"equal",1262,2405.42579174042,16,"AMD EPYC 9B45"
300,60,"equal",1263,2338.12833619118,16,"AMD EPYC 9B45"
300,60,"equal",1264,2353.19494462013,16,"AMD EPYC 9B45"
300,60,"equal",1265,2343.55406785011,16,"AMD EPYC 9B45"
300,60,"equal",1266,2332.31834554672,16,"AMD EPYC 9B45"
300,60,"equal",1267,2347.66034007072,16,"AMD EPYC 9B45"
300,60,"equal",1268,2407.1899394989,16,"AMD EPYC 9B45"
300,60,"equal",1269,2446.18325424194,16,"AMD EPYC 9B45"
300,60,"equal",1270,2398.59041857719,16,"AMD EPYC 9B45"
300,60,"equal",1271,2326.93640398979,16,"AMD EPYC 9B45"
300,60,"equal",1272,2310.01658940315,16,"AMD EPYC 9B45"
300,60,"equal",1273,2252.97870469093,16,"AMD EPYC 9B45"
300,60,"equal",1274,2264.996322155,16,"AMD EPYC 9B45"
300,60,"equal",1275,2248.81168675423,16,"AMD EPYC 9B45"
300,60,"equal",1276,2297.99340200424,16,"AMD EPYC 9B45"
300,60,"equal",1277,2264.30073237419,16,"AMD EPYC 9B45"
300,60,"equal",1278,2293.91902565956,16,"AMD EPYC 9B45"
300,60,"equal",1279,2259.51469349861,16,"AMD EPYC 9B45"
300,60,"equal",1280,2368.61618614197,16,"AMD EPYC 9B45"
300,60,"equal",1281,2271.4908452034,16,"AMD EPYC 9B45"
300,60,"equal",1282,2237.81185531616,16,"AMD EPYC 9B45"
300,60,"equal",1283,2220.3752849102,16,"AMD EPYC 9B45"
150,120,"equal",1234,2277.52107739449,16,"AMD EPYC 9B45"
150,120,"equal",1235,2313.55120062828,16,"AMD EPYC 9B45"
150,120,"equal",1236,2342.67905879021,16,"AMD EPYC 9B45"
150,120,"equal",1237,2345.46136403084,16,"AMD EPYC 9B45"
150,120,"equal",1238,2378.37191128731,16,"AMD EPYC 9B45"
150,120,"equal",1239,2359.18616914749,16,"AMD EPYC 9B45"
150,120,"equal",1240,2394.80684781075,16,"AMD EPYC 9B45"
150,120,"equal",1241,2427.07956695557,16,"AMD EPYC 9B45"
150,120,"equal",1242,2411.75333690643,16,"AMD EPYC 9B45"
150,120,"equal",1243,2530.08416581154,16,"AMD EPYC 9B45"
150,120,"equal",1244,2508.8514649868,16,"AMD EPYC 9B45"
150,120,"equal",1245,2413.06728172302,16,"AMD EPYC 9B45"
150,120,"equal",1246,2391.20204877853,16,"AMD EPYC 9B45"
150,120,"equal",1247,2405.95460605621,16,"AMD EPYC 9B45"
150,120,"equal",1248,2415.83875703812,16,"AMD EPYC 9B45"
150,120,"equal",1249,2387.37940263748,16,"AMD EPYC 9B45"
150,120,"equal",1250,2442.16216158867,16,"AMD EPYC 9B45"
150,120,"equal",1251,2476.91378283501,16,"AMD EPYC 9B45"
150,120,"equal",1252,2449.81924748421,16,"AMD EPYC 9B45"
150,120,"equal",1253,2491.92437577248,16,"AMD EPYC 9B45"
150,120,"equal",1254,2508.20231461525,16,"AMD EPYC 9B45"
150,120,"equal",1255,2423.61936593056,16,"AMD EPYC 9B45"
150,120,"equal",1256,2469.20197844505,16,"AMD EPYC 9B45"
150,120,"equal",1257,2467.61459851265,16,"AMD EPYC 9B45"
150,120,"equal",1258,2475.57671332359,16,"AMD EPYC 9B45"
150,120,"equal",1259,2452.83043575287,16,"AMD EPYC 9B45"
150,120,"equal",1260,2455.18163084984,16,"AMD EPYC 9B45"
150,120,"equal",1261,2450.2565870285,16,"AMD EPYC 9B45"
150,120,"equal",1262,2534.4733774662,16,"AMD EPYC 9B45"
150,120,"equal",1263,2473.75563406944,16,"AMD EPYC 9B45"
150,120,"equal",1264,2512.83480477333,16,"AMD EPYC 9B45"
150,120,"equal",1265,2415.47699570656,16,"AMD EPYC 9B45"
150,120,"equal",1266,2439.29839158058,16,"AMD EPYC 9B45"
150,120,"equal",1267,2480.44582557678,16,"AMD EPYC 9B45"
150,120,"equal",1268,2527.22998070717,16,"AMD EPYC 9B45"
150,120,"equal",1269,2478.68621277809,16,"AMD EPYC 9B45"
150,120,"equal",1270,2441.48485994339,16,"AMD EPYC 9B45"
150,120,"equal",1271,2442.96357965469,16,"AMD EPYC 9B45"
150,120,"equal",1272,2409.45150923729,16,"AMD EPYC 9B45"
150,120,"equal",1273,2379.01294946671,16,"AMD EPYC 9B45"
150,120,"equal",1274,2391.02536821365,16,"AMD EPYC 9B45"
150,120,"equal",1275,2427.49869346619,16,"AMD EPYC 9B45"
150,120,"equal",1276,2604.33581542969,16,"AMD EPYC 9B45"
150,120,"equal",1277,2399.66869139671,16,"AMD EPYC 9B45"
150,120,"equal",1278,2377.97361421585,16,"AMD EPYC 9B45"
150,120,"equal",1279,2423.0175921917,16,"AMD EPYC 9B45"
150,120,"equal",1280,2388.91724681854,16,"AMD EPYC 9B45"
150,120,"equal",1281,2392.00609850883,16,"AMD EPYC 9B45"
150,120,"equal",1282,2398.3922753334,16,"AMD EPYC 9B45"
150,120,"equal",1283,2385.23794651031,16,"AMD EPYC 9B45"
300,120,"equal",1234,4422.61543250084,16,"AMD EPYC 9B45"
300,120,"equal",1235,4479.55438089371,16,"AMD EPYC 9B45"
300,120,"equal",1236,4372.30315637589,16,"AMD EPYC 9B45"
300,120,"equal",1237,4373.93653178215,16,"AMD EPYC 9B45"
300,120,"equal",1238,4358.39540553093,16,"AMD EPYC 9B45"
300,120,"equal",1239,4453.49708104134,16,"AMD EPYC 9B45"
300,120,"equal",1240,4502.93270039558,16,"AMD EPYC 9B45"
300,120,"equal",1241,4478.9041686058,16,"AMD EPYC 9B45"
300,120,"equal",1242,4606.7856695652,16,"AMD EPYC 9B45"
300,120,"equal",1243,4631.64953374863,16,"AMD EPYC 9B45"
300,120,"equal",1244,4482.31883406639,16,"AMD EPYC 9B45"
300,120,"equal",1245,4519.50834846497,16,"AMD EPYC 9B45"
300,120,"equal",1246,4556.56590151787,16,"AMD EPYC 9B45"
300,120,"equal",1247,4494.75166630745,16,"AMD EPYC 9B45"
300,120,"equal",1248,4464.15459156036,16,"AMD EPYC 9B45"
300,120,"equal",1249,4465.22195053101,16,"AMD EPYC 9B45"
300,120,"equal",1250,4607.88605618477,16,"AMD EPYC 9B45"
300,120,"equal",1251,4690.86078047752,16,"AMD EPYC 9B45"
300,120,"equal",1252,4596.36807632446,16,"AMD EPYC 9B45"
300,120,"equal",1253,4606.0327475071,16,"AMD EPYC 9B45"
300,120,"equal",1254,4575.49431800842,16,"AMD EPYC 9B45"
300,120,"equal",1255,4600.15079522133,16,"AMD EPYC 9B45"
300,120,"equal",1256,4615.90057253838,16,"AMD EPYC 9B45"
300,120,"equal",1257,4615.14030194283,16,"AMD EPYC 9B45"
300,120,"equal",1258,4602.83523082733,16,"AMD EPYC 9B45"
300,120,"equal",1259,4622.70646190643,16,"AMD EPYC 9B45"
300,120,"equal",1260,4624.63470053673,16,"AMD EPYC 9B45"
300,120,"equal",1261,4796.31028199196,16,"AMD EPYC 9B45"
300,120,"equal",1262,4650.0968978405,16,"AMD EPYC 9B45"
300,120,"equal",1263,4600.36153125763,16,"AMD EPYC 9B45"
300,120,"equal",1264,4577.99165391922,16,"AMD EPYC 9B45"
300,120,"equal",1265,4608.77465105057,16,"AMD EPYC 9B45"
300,120,"equal",1266,4717.61490678787,16,"AMD EPYC 9B45"
300,120,"equal",1267,4748.13553500175,16,"AMD EPYC 9B45"
300,120,"equal",1268,4771.84417247772,16,"AMD EPYC 9B45"
300,120,"equal",1269,4607.97262811661,16,"AMD EPYC 9B45"
300,120,"equal",1270,4650.28385853767,16,"AMD EPYC 9B45"
300,120,"equal",1271,4780.60063505173,16,"AMD EPYC 9B45"
300,120,"equal",1272,4779.84781169891,16,"AMD EPYC 9B45"
300,120,"equal",1273,4422.44242501259,16,"AMD EPYC 9B45"
300,120,"equal",1274,4693.3768017292,16,"AMD EPYC 9B45"
300,120,"equal",1275,4480.37706828117,16,"AMD EPYC 9B45"
300,120,"equal",1276,4465.07088947296,16,"AMD EPYC 9B45"
300,120,"equal",1277,4508.28823447227,16,"AMD EPYC 9B45"
300,120,"equal",1278,4523.0879483223,16,"AMD EPYC 9B45"
300,120,"equal",1279,4464.07153296471,16,"AMD EPYC 9B45"
300,120,"equal",1280,4920.95646309853,16,"AMD EPYC 9B45"
300,120,"equal",1281,4445.44203996658,16,"AMD EPYC 9B45"
300,120,"equal",1282,4379.65519404411,16,"AMD EPYC 9B45"
300,120,"equal",1283,4478.13520264626,16,"AMD EPYC 9B45"
150,60,"extreme",1234,1073.29809141159,16,"AMD EPYC 9B45"
150,60,"extreme",1235,1091.08587479591,16,"AMD EPYC 9B45"
150,60,"extreme",1236,1084.5117046833,16,"AMD EPYC 9B45"
150,60,"extreme",1237,1067.95024323463,16,"AMD EPYC 9B45"
150,60,"extreme",1238,1079.4654147625,16,"AMD EPYC 9B45"
150,60,"extreme",1239,1090.16584610939,16,"AMD EPYC 9B45"
150,60,"extreme",1240,1109.19617700577,16,"AMD EPYC 9B45"
150,60,"extreme",1241,1116.07582187653,16,"AMD EPYC 9B45"
150,60,"extreme",1242,1122.22647428513,16,"AMD EPYC 9B45"
150,60,"extreme",1243,1170.98025345802,16,"AMD EPYC 9B45"
150,60,"extreme",1244,1116.69745588303,16,"AMD EPYC 9B45"
150,60,"extreme",1245,1104.16090726852,16,"AMD EPYC 9B45"
150,60,"extreme",1246,1110.31407427788,16,"AMD EPYC 9B45"
150,60,"extreme",1247,1113.13430738449,16,"AMD EPYC 9B45"
150,60,"extreme",1248,1088.08814883232,16,"AMD EPYC 9B45"
150,60,"extreme",1249,1126.77016782761,16,"AMD EPYC 9B45"
150,60,"extreme",1250,1118.44083786011,16,"AMD EPYC 9B45"
150,60,"extreme",1251,1145.58772158623,16,"AMD EPYC 9B45"
150,60,"extreme",1252,1117.98010659218,16,"AMD EPYC 9B45"
150,60,"extreme",1253,1124.42183589935,16,"AMD EPYC 9B45"
150,60,"extreme",1254,1119.63974022865,16,"AMD EPYC 9B45"
150,60,"extreme",1255,1128.45005178452,16,"AMD EPYC 9B45"
150,60,"extreme",1256,1136.39662432671,16,"AMD EPYC 9B45"
150,60,"extreme",1257,1138.76124048233,16,"AMD EPYC 9B45"
150,60,"extreme",1258,1127.4348487854,16,"AMD EPYC 9B45"
150,60,"extreme",1259,1144.37987923622,16,"AMD EPYC 9B45"
150,60,"extreme",1260,1120.95087242126,16,"AMD EPYC 9B45"
150,60,"extreme",1261,1147.86072611809,16,"AMD EPYC 9B45"
150,60,"extreme",1262,1123.18543696404,16,"AMD EPYC 9B45"
150,60,"extreme",1263,1135.24347305298,16,"AMD EPYC 9B45"
150,60,"extreme",1264,1141.84768891335,16,"AMD EPYC 9B45"
150,60,"extreme",1265,1126.19486713409,16,"AMD EPYC 9B45"
150,60,"extreme",1266,1146.09373927116,16,"AMD EPYC 9B45"
150,60,"extreme",1267,1143.87220811844,16,"AMD EPYC 9B45"
150,60,"extreme",1268,1217.11913824081,16,"AMD EPYC 9B45"
150,60,"extreme",1269,1132.54636311531,16,"AMD EPYC 9B45"
150,60,"extreme",1270,1138.46154069901,16,"AMD EPYC 9B45"
150,60,"extreme",1271,1122.52288818359,16,"AMD EPYC 9B45"
150,60,"extreme",1272,1091.27585101128,16,"AMD EPYC 9B45"
150,60,"extreme",1273,1095.55508923531,16,"AMD EPYC 9B45"
150,60,"extreme",1274,1108.45808959007,16,"AMD EPYC 9B45"
150,60,"extreme",1275,1097.85058689117,16,"AMD EPYC 9B45"
150,60,"extreme",1276,1099.35788416862,16,"AMD EPYC 9B45"
150,60,"extreme",1277,1084.4003970623,16,"AMD EPYC 9B45"
150,60,"extreme",1278,1098.74079942703,16,"AMD EPYC 9B45"
150,60,"extreme",1279,1080.20498538017,16,"AMD EPYC 9B45"
150,60,"extreme",1280,1087.28046345711,16,"AMD EPYC 9B45"
150,60,"extreme",1281,1094.42168998718,16,"AMD EPYC 9B45"
150,60,"extreme",1282,1108.06070613861,16,"AMD EPYC 9B45"
150,60,"extreme",1283,1089.12692761421,16,"AMD EPYC 9B45"
300,60,"extreme",1234,2209.30281281471,16,"AMD EPYC 9B45"
300,60,"extreme",1235,2256.81963157654,16,"AMD EPYC 9B45"
300,60,"extreme",1236,2239.28296279907,16,"AMD EPYC 9B45"
300,60,"extreme",1237,2228.2574441433,16,"AMD EPYC 9B45"
300,60,"extreme",1238,2231.43961572647,16,"AMD EPYC 9B45"
300,60,"extreme",1239,2243.31591200829,16,"AMD EPYC 9B45"
300,60,"extreme",1240,2281.90860748291,16,"AMD EPYC 9B45"
300,60,"extreme",1241,2306.38626980782,16,"AMD EPYC 9B45"
300,60,"extreme",1242,2356.79595065117,16,"AMD EPYC 9B45"
300,60,"extreme",1243,2383.07566618919,16,"AMD EPYC 9B45"
300,60,"extreme",1244,2274.48610639572,16,"AMD EPYC 9B45"
300,60,"extreme",1245,2284.54523992538,16,"AMD EPYC 9B45"
300,60,"extreme",1246,2312.60551357269,16,"AMD EPYC 9B45"
300,60,"extreme",1247,2337.91290831566,16,"AMD EPYC 9B45"
300,60,"extreme",1248,2264.94251656532,16,"AMD EPYC 9B45"
300,60,"extreme",1249,2304.247351408,16,"AMD EPYC 9B45"
300,60,"extreme",1250,2310.500259161,16,"AMD EPYC 9B45"
300,60,"extreme",1251,2344.29295396805,16,"AMD EPYC 9B45"
300,60,"extreme",1252,2336.02787232399,16,"AMD EPYC 9B45"
300,60,"extreme",1253,2350.21485805511,16,"AMD EPYC 9B45"
300,60,"extreme",1254,2345.28002333641,16,"AMD EPYC 9B45"
300,60,"extreme",1255,2335.99670696259,16,"AMD EPYC 9B45"
300,60,"extreme",1256,2363.23473072052,16,"AMD EPYC 9B45"
300,60,"extreme",1257,2345.51249527931,16,"AMD EPYC 9B45"
300,60,"extreme",1258,2385.30457735062,16,"AMD EPYC 9B45"
300,60,"extreme",1259,2358.12580561638,16,"AMD EPYC 9B45"
300,60,"extreme",1260,2301.91280198097,16,"AMD EPYC 9B45"
300,60,"extreme",1261,2327.65170669556,16,"AMD EPYC 9B45"
300,60,"extreme",1262,2378.56886506081,16,"AMD EPYC 9B45"
300,60,"extreme",1263,2346.66053342819,16,"AMD EPYC 9B45"
300,60,"extreme",1264,2336.51665759087,16,"AMD EPYC 9B45"
300,60,"extreme",1265,2318.34103631973,16,"AMD EPYC 9B45"
300,60,"extreme",1266,2369.28130221367,16,"AMD EPYC 9B45"
300,60,"extreme",1267,2385.34866428375,16,"AMD EPYC 9B45"
300,60,"extreme",1268,2482.63957095146,16,"AMD EPYC 9B45"
300,60,"extreme",1269,2517.47109341621,16,"AMD EPYC 9B45"
300,60,"extreme",1270,2331.47429013252,16,"AMD EPYC 9B45"
300,60,"extreme",1271,2295.77617192268,16,"AMD EPYC 9B45"
300,60,"extreme",1272,2261.11835193634,16,"AMD EPYC 9B45"
300,60,"extreme",1273,2227.96607804298,16,"AMD EPYC 9B45"
300,60,"extreme",1274,2245.47088694572,16,"AMD EPYC 9B45"
300,60,"extreme",1275,2279.05398392677,16,"AMD EPYC 9B45"
300,60,"extreme",1276,2242.99942326546,16,"AMD EPYC 9B45"
300,60,"extreme",1277,2272.28368186951,16,"AMD EPYC 9B45"
300,60,"extreme",1278,2270.54447507858,16,"AMD EPYC 9B45"
300,60,"extreme",1279,2263.76709723473,16,"AMD EPYC 9B45"
300,60,"extreme",1280,2278.94629406929,16,"AMD EPYC 9B45"
300,60,"extreme",1281,2251.27586007118,16,"AMD EPYC 9B45"
300,60,"extreme",1282,2226.86463952065,16,"AMD EPYC 9B45"
300,60,"extreme",1283,2213.64307594299,16,"AMD EPYC 9B45"
150,120,"extreme",1234,2302.27699923515,16,"AMD EPYC 9B45"
150,120,"extreme",1235,2326.10416603088,16,"AMD EPYC 9B45"
150,120,"extreme",1236,2326.36419224739,16,"AMD EPYC 9B45"
150,120,"extreme",1237,2380.03733444214,16,"AMD EPYC 9B45"
150,120,"extreme",1238,2347.23324632645,16,"AMD EPYC 9B45"
150,120,"extreme",1239,2327.91512441635,16,"AMD EPYC 9B45"
150,120,"extreme",1240,2420.45963978767,16,"AMD EPYC 9B45"
150,120,"extreme",1241,2442.17335486412,16,"AMD EPYC 9B45"
150,120,"extreme",1242,2490.35411763191,16,"AMD EPYC 9B45"
150,120,"extreme",1243,2531.28089499474,16,"AMD EPYC 9B45"
150,120,"extreme",1244,2462.99253320694,16,"AMD EPYC 9B45"
150,120,"extreme",1245,2420.63346385956,16,"AMD EPYC 9B45"
150,120,"extreme",1246,2416.07263684273,16,"AMD EPYC 9B45"
150,120,"extreme",1247,2423.54747676849,16,"AMD EPYC 9B45"
150,120,"extreme",1248,2421.59357476234,16,"AMD EPYC 9B45"
150,120,"extreme",1249,2408.24312591553,16,"AMD EPYC 9B45"
150,120,"extreme",1250,2463.92675662041,16,"AMD EPYC 9B45"
150,120,"extreme",1251,2454.40219426155,16,"AMD EPYC 9B45"
150,120,"extreme",1252,2482.90241646767,16,"AMD EPYC 9B45"
150,120,"extreme",1253,2453.50459671021,16,"AMD EPYC 9B45"
150,120,"extreme",1254,2533.11905550957,16,"AMD EPYC 9B45"
150,120,"extreme",1255,2473.26710033417,16,"AMD EPYC 9B45"
150,120,"extreme",1256,2557.66362547874,16,"AMD EPYC 9B45"
150,120,"extreme",1257,2467.91206336021,16,"AMD EPYC 9B45"
150,120,"extreme",1258,2478.4937543869,16,"AMD EPYC 9B45"
150,120,"extreme",1259,2496.85799193382,16,"AMD EPYC 9B45"
150,120,"extreme",1260,2446.57922244072,16,"AMD EPYC 9B45"
150,120,"extreme",1261,2489.2189552784,16,"AMD EPYC 9B45"
150,120,"extreme",1262,2580.49459028244,16,"AMD EPYC 9B45"
150,120,"extreme",1263,2666.52112221718,16,"AMD EPYC 9B45"
150,120,"extreme",1264,2485.67334651947,16,"AMD EPYC 9B45"
150,120,"extreme",1265,2484.08389687538,16,"AMD EPYC 9B45"
150,120,"extreme",1266,2459.15632557869,16,"AMD EPYC 9B45"
150,120,"extreme",1267,2513.14099955559,16,"AMD EPYC 9B45"
150,120,"extreme",1268,2502.94368100166,16,"AMD EPYC 9B45"
150,120,"extreme",1269,2439.64992260933,16,"AMD EPYC 9B45"
150,120,"extreme",1270,2471.13330149651,16,"AMD EPYC 9B45"
150,120,"extreme",1271,2442.07634520531,16,"AMD EPYC 9B45"
150,120,"extreme",1272,2492.87168455124,16,"AMD EPYC 9B45"
150,120,"extreme",1273,2393.80343294144,16,"AMD EPYC 9B45"
150,120,"extreme",1274,2396.55261945724,16,"AMD EPYC 9B45"
150,120,"extreme",1275,2410.0321097374,16,"AMD EPYC 9B45"
150,120,"extreme",1276,2436.77889657021,16,"AMD EPYC 9B45"
150,120,"extreme",1277,2392.79264640808,16,"AMD EPYC 9B45"
150,120,"extreme",1278,2387.11272788048,16,"AMD EPYC 9B45"
150,120,"extreme",1279,2443.48306465149,16,"AMD EPYC 9B45"
150,120,"extreme",1280,2538.89254641533,16,"AMD EPYC 9B45"
150,120,"extreme",1281,2395.70239639282,16,"AMD EPYC 9B45"
150,120,"extreme",1282,2365.99312591553,16,"AMD EPYC 9B45"
150,120,"extreme",1283,2404.62811493874,16,"AMD EPYC 9B45"
300,120,"extreme",1234,4790.69418382645,16,"AMD EPYC 9B45"
300,120,"extreme",1235,4412.47215819359,16,"AMD EPYC 9B45"
300,120,"extreme",1236,4360.33199954033,16,"AMD EPYC 9B45"
300,120,"extreme",1237,4417.10135006905,16,"AMD EPYC 9B45"
300,120,"extreme",1238,4386.61623263359,16,"AMD EPYC 9B45"
300,120,"extreme",1239,4485.84746527672,16,"AMD EPYC 9B45"
300,120,"extreme",1240,4574.17978048325,16,"AMD EPYC 9B45"
300,120,"extreme",1241,4488.99283790588,16,"AMD EPYC 9B45"
300,120,"extreme",1242,4582.69588136673,16,"AMD EPYC 9B45"
300,120,"extreme",1243,4456.89144682884,16,"AMD EPYC 9B45"
300,120,"extreme",1244,4487.88564944267,16,"AMD EPYC 9B45"
300,120,"extreme",1245,4471.27670764923,16,"AMD EPYC 9B45"
300,120,"extreme",1246,4491.22275495529,16,"AMD EPYC 9B45"
300,120,"extreme",1247,4527.20923304558,16,"AMD EPYC 9B45"
300,120,"extreme",1248,4478.91732931137,16,"AMD EPYC 9B45"
300,120,"extreme",1249,4495.80129957199,16,"AMD EPYC 9B45"
300,120,"extreme",1250,4606.90193104744,16,"AMD EPYC 9B45"
300,120,"extreme",1251,4584.99111557007,16,"AMD EPYC 9B45"
300,120,"extreme",1252,4629.46470928192,16,"AMD EPYC 9B45"
300,120,"extreme",1253,4563.35505414009,16,"AMD EPYC 9B45"
300,120,"extreme",1254,4624.83785033226,16,"AMD EPYC 9B45"
300,120,"extreme",1255,4615.53554701805,16,"AMD EPYC 9B45"
300,120,"extreme",1256,4587.00300312042,16,"AMD EPYC 9B45"
300,120,"extreme",1257,4618.99126005173,16,"AMD EPYC 9B45"
300,120,"extreme",1258,4606.05658507347,16,"AMD EPYC 9B45"
300,120,"extreme",1259,4600.98560285568,16,"AMD EPYC 9B45"
300,120,"extreme",1260,4568.44666171074,16,"AMD EPYC 9B45"
300,120,"extreme",1261,4576.19453978539,16,"AMD EPYC 9B45"
300,120,"extreme",1262,4600.1935274601,16,"AMD EPYC 9B45"
300,120,"extreme",1263,4632.33656597137,16,"AMD EPYC 9B45"
300,120,"extreme",1264,4667.98592996597,16,"AMD EPYC 9B45"
300,120,"extreme",1265,4587.71454191208,16,"AMD EPYC 9B45"
300,120,"extreme",1266,4669.78139233589,16,"AMD EPYC 9B45"
300,120,"extreme",1267,4762.35592293739,16,"AMD EPYC 9B45"
300,120,"extreme",1268,4601.83482813835,16,"AMD EPYC 9B45"
300,120,"extreme",1269,4631.70057177544,16,"AMD EPYC 9B45"
300,120,"extreme",1270,4542.44616222382,16,"AMD EPYC 9B45"
300,120,"extreme",1271,4465.07104849815,16,"AMD EPYC 9B45"
300,120,"extreme",1272,4548.40252327919,16,"AMD EPYC 9B45"
300,120,"extreme",1273,4459.51509380341,16,"AMD EPYC 9B45"
300,120,"extreme",1274,4560.97758746147,16,"AMD EPYC 9B45"
300,120,"extreme",1275,4581.34945964813,16,"AMD EPYC 9B45"
300,120,"extreme",1276,4617.11269402504,16,"AMD EPYC 9B45"
300,120,"extreme",1277,4473.62736701965,16,"AMD EPYC 9B45"
300,120,"extreme",1278,4462.74199581146,16,"AMD EPYC 9B45"
300,120,"extreme",1279,4442.77002167702,16,"AMD EPYC 9B45"
300,120,"extreme",1280,4516.62823152542,16,"AMD EPYC 9B45"
300,120,"extreme",1281,4438.30422687531,16,"AMD EPYC 9B45"
300,120,"extreme",1282,4386.27918362617,16,"AMD EPYC 9B45"
300,120,"extreme",1283,4701.86851978302,16,"AMD EPYC 9B45"
